source_id,first_name,last_name,birth_date
c4ca4238a0b923820dcc509a6f75849b,Alice,Manuela,01/01/1990
c81e728d9d4c2f636f067f89cc14862c,Sophia,Valentina,02/01/1990
eccbc87e4b5ce2fe28308fd9f2a7baf3,Laura,HeloÃ­sa,03/01/1990
a87ff679a2f3e71d9181a67b7542122c,Valentina,Lara,04/01/1990
e4da3b7fbbce2345d7772b0674a318d5,Maria Luiza,Ana Clara,05/01/1990
1679091c5a880faf6fb5e6087eb1b2dc,Lara,Rafaela,06/01/1990
8f14e45fceea167a5a36dedd4bea2543,Lorena,Yasmin,07/01/1990
c9f0f895fb98ab9159f51fd0297e236d,Ana Clara,Melissa,08/01/1990
45c48cce2e2d7fbdea1afc51c7c6ad26,Isadora,Emanuelly,09/01/1990
d3d9446802a44259755d38e6d163e820,Yasmin,Clara,10/01/1990
6512bd43d9caa6e02c990b0a82652dca,Ana Luiza,Maria,11/01/1990
c20ad4d76fe97759aa27a0c99bff6710,LetÃ­cia,Catarina,12/01/1990
c51ce410c124a10e0db5e4b97fc2af39,Nicole,Amanda,13/01/1990
aab3238922bcc25a6f606eb525ffdc56,Gabriela,Ãgata,14/01/1990
9bf31c7ff062936a96d3c8bd1f8f2ff3,CecÃ­lia,AlÃ­cia,15/01/1990
c74d97b01eae257e44aa9d5bade97baf,Ana JÃºlia,Beatriz,16/01/1990
70efdf2ec9b086079795c442636b55fb,Larissa,Laura,17/01/1990
6f4922f45568161a8cdf4ad2299f6d23,Maria Fernanda,Lara,18/01/1990
1f0e3dad99908345f7439f8ffabdffc4,Catarina,CecÃ­lia,19/01/1990
98f13708210194c475687be6106a3b84,Amanda,Bianca,20/01/1990
3c59dc048e8850243be8079a5c74d079,Ana,Lorena,21/01/1990
b6d767d2f8ed5d21a44b0e5886680cb9,Laura,Isadora,22/01/1990
37693cfc748049e45d87b8c7d8b9aacd,Luisa,Yasmin,23/01/1990
1ff1de774005f8da13f42943881c655f,HeloÃ­sa,Aurora,24/01/1990
8e296a067a37563370ded05f5a3bf3ec,Melissa,Pietra,25/01/1990
4e732ced3463d06de0ca9a15b6153677,Alana,Lis,26/01/1990
02e74f10e0327ad868d138f2b4fdd6f0,Yasmin,Larissa,27/01/1990
33e75ff09dd601bbe69f351039152189,Aurora,Leticia,28/01/1990
6ea9ab1baa0efb9e19094440c317e21b,Elisa,Bruna,29/01/1990
34173cb38f07f89ddbebc2ac9128303f,LaÃ­s,Ãris,30/01/1990
c16a5320fa475530d9583c34fd356ef5,Larissa,Rafaela,31/01/1990
6364d3f0f495b6ab9dcf8d3b5c6e0b01,Maria,Melinda,01/02/1990
182be0c5cdcd5072bb1864cdee4d3d6e,Camila,Agnes,02/02/1990
e369853df766fa44e1ed0ff613f563bd,Eduarda,Aline,03/02/1990
1c383cd30b7c298ab50293adfecb7b18,Amanda,Cloe,04/02/1990
19ca14e7ea6328a42e0eb13d585e4c22,OlÃ­via,Carolina,05/02/1990
a5bfc9e07964f8dddeb95fc584cd965d,Agnes,Ariela,06/02/1990
a5771bce93e200c36f7cd9dfd0e5deaa,Aline,Iara,07/02/1990
d67d8ab4f4c10bf22aa353e27879133c,Rebeca,Brenda,08/02/1990
d645920e395fedad7bbbed0eca3fe2e0,Anabela,Isabel,09/02/1990
3416a75f4cea9109507cacd8e2f2aefc,Catarina,Diana,10/02/1990
a1d0c6e83f027327d8461063f4ac58a6,Brenda,Marina,11/02/1990
17e62166fc8586dfa4d1bc0e1742c08b,Analice,Anita,12/02/1990
f7177163c833dff4b38fc8d2872f1ec6,Diana,Paloma,13/02/1990
6c8349cc7260ae62e3b1396831a8398f,Emanuela,Isa,14/02/1990
d9d4f495e875a2e075a1a4a6e1b9770f,Anita,Karen,15/02/1990
67c6a1e7ce56d3d6fa748ab6d9af3fd7,Joana,Belinda,16/02/1990
642e92efb79421734881b53e1e1b18b6,Paloma,Carol,17/02/1990
f457c545a9ded88f18ecee47145a72c0,Yara,Angelina,18/02/1990
c0c7c76d30bd3dcaefc96f40275bdc0a,Juliana,Alessandra,19/02/1990
2838023a778dfaecdc212708f721b788,Karen,Adriana,20/02/1990
9a1158154dfa42caddbd0694a4e9bdc8,Milene,Bernardo,21/02/1990
d82c8d1619ad8176d665453cfb2e55f0,Alessandra,Samuel,22/02/1990
a684eceee76fc522773286a895bc8436,NatÃ¡lia,Felipe,23/02/1990
b53b3a3d6ab90ce0268229151c9bde11,Dulce,Gustavo,24/02/1990
9f61408e3afb633e50cdf1b20de6f466,Gabriel,Vitor,25/02/1990
72b32a1f754ba1c09b3695e0cb6cde7f,Heitor,Pedro Henrique,26/02/1990
66f041e16a60928b05a7e228a89c3799,Rafael,Eduardo,27/02/1990
093f65e080a295f8076b1c5722a46aa2,Samuel,Leonardo,28/02/1990
072b030ba126b2f4b2374f342be9ed44,Theo,Pietro,01/03/1990
7f39f8317fbdb1988ef4c628eba02591,Felipe,Joaquim,02/03/1990
44f683a84163b3523afe57c2e008bc8c,Pedro Henrique,Caio,03/03/1990
03afdbd66e7929b125f8597834fa83a4,Leonardo,Vinicius,04/03/1990
ea5d2f1c4608232e07d3aa3d998e5135,Pietro,Davi Lucas,05/03/1990
fc490ca45c00b1249bbe3554a4fdf6fb,Benjamin,Davi Lucca,06/03/1990
3295c76acbf4caaed33c36b1b5fc2cb1,JoÃ£o,Emanuel,07/03/1990
735b90b4568125ed6c3f678819b6e058,Caio,Bernardo,08/03/1990
a3f390d88e4c41f2747bfa2f1b5f87db,Vicente,Heitor,09/03/1990
14bfa6bb14875e45bba028a21ed38046,JoÃ£o Vitor,Guilherme,10/03/1990
7cbbc409ec990f19c78c75bd1e06f215,Thiago,Pedro,11/03/1990
e2c420d928d4bf8ce0ff2ec19b371514,Emanuel,Lucas,12/03/1990
32bb90e8976aab5298d5da10fe66f21d,Bernardo,Rafael,13/03/1990
d2ddea18f00665ce8623e36bd4e3c7c5,Miguel,Caio,14/03/1990
ad61ab143223efbc24c7d2583be69251,Heitor,Yuri,15/03/1990
d09bf41544a3365a46c9077ebb5e35c3,Benjamim,Leonardo,16/03/1990
fbd7939d674997cdb4692d34de8633c4,Guilherme,Bruno,17/03/1990
28dd2c7955ce926456240b2ff0100bde,Gustavo,Levi,18/03/1990
35f4a8d465e6e1edc05f3d8ab658c551,Yuri,Alan,19/03/1990
d1fe173d08e959397adf34b1d77e88d7,Eduardo,AarÃ£o,20/03/1990
f033ab37c30201f73f142449d037028d,JoÃ£o,Kevin,21/03/1990
43ec517d68b6edd3015b3edc9a11367b,Igor,Luis,22/03/1990
9778d5d219c5080b9a6a17bef029331c,AarÃ£o,Vicente,23/03/1990
fe9fc289c3ff0af142b6d3bead98a923,Luis,Afonso,24/03/1990
68d30a9594728bc39aa24be94b319d21,Afonso,Vinicios,25/03/1990
3ef815416f775098fe977004015c6193,Danilo,Filipe,26/03/1990
93db85ed909c13838ff95ccfa94cebd9,Renan,AntÃ³nio,27/03/1990
c7e1249ffc03eb9ded908c236bd1996d,Frederico,Fernando,28/03/1990
2a38a4a9316c49e5a833517c45d31070,Ricardo,Kelvin,29/03/1990
7647966b7343c29048673252e490f736,Aquiles,Renan,30/03/1990
8613985ec49eb8f757ae6439e879bb2a,Paulo,Jonathan,31/03/1990
54229abfcfa5649e7003b83dd4755294,Pablo,Leandro,01/04/1990
92cc227532d17e56e07902b254dfad10,Douglas,Aquiles,02/04/1990
98dce83da57b0395e163467c9dae521b,Carlos,Raul,03/04/1990
f4b9ec30ad9f68f89b29639786cb62ef,Ezequiel,JosÃ©,04/04/1990
812b4ba287f5ee0bc9d43bbf5bbe87fb,Marcos,FabrÃ­cio,05/04/1990
26657d5ff9020d2abefe558796b99584,Jonas,Marcos,06/04/1990
e2ef524fbf3d9fe611d5a8e90fefdc9c,Michael,Muriel,07/04/1990
ed3d2c21991e3bef5e069713af9fa6ca,Cristiano,Edgar,08/04/1990
ac627ab1ccbdb62ec96e702f07f6425b,Duarte,Adriano,09/04/1990
f899139df5e1059396431415e770c6dd,Anderson,Michael,10/04/1990
